Item	Value
Project_type	learning_methods_practice
Gene	SORT1
Tissue	Liver
Exposure	GTEx_v8_Liver_expression
Outcome	CAD
CAD_GWAS_accession	GCST90132314
CAD_cases	181522
CAD_total_N	1165690
Lead_variant	rs12740374
Lead_position_GRCh37	1:109817590
Effect_allele	T
Other_allele	G
eQTL_beta	1.27256
eQTL_SE	0.0820609
eQTL_P	3.08633e-54
Instrument_F	240.4828
CAD_beta	-0.09548326
CAD_SE	0.005969089
CAD_P	1.356e-57
CAD_OR_per_T	0.9089336
Position_overlap	5183
Coloc_nsnps	5167
Coloc_PP_H3	0.0001687739
Coloc_PP_H4	0.9998312
Shared_variant_PP_H4	0.9999925
Strong_cis_eQTL	25
EUR_reference_available	24
Missing_strong_variant	rs3832016
LD_clump_r2	0.01
LD_clump_kb	10000
Independent_MR_instruments	1
Wald_beta	-0.07503242
Wald_SE	0.006738883
Wald_P	8.545934e-29
Wald_OR	0.9277134
Wald_OR_CI95_low	0.9155405
Wald_OR_CI95_high	0.9400048
